Scenario,idx,R_ID,Resource,Zone,Total_MW,Start_MW,New_MW,Retired_MW,GWh_yr,CF_realized,Pct_demand
geo_optimistic,1,1,biomass,CA_N,36.72,36.72,0.0,0.0,135.93510061318204,0.42259546703295214,0.011712273167257361
geo_optimistic,2,2,biomass,CA_N,0.0,33.06,0.0,33.06,0.0,0.0,0.0
geo_optimistic,3,3,conventional_hydroelectric,CA_N,0.0,6607.44,0.0,6607.44,0.0,0.0,0.0
geo_optimistic,4,4,geothermal,CA_N,542.55,542.55,0.0,0.0,4567.671232113014,0.9610610204292797,0.3935540781403062
geo_optimistic,5,5,geothermal,CA_N,100.32,100.32,0.0,0.0,691.1516746049094,0.7864692283834531,0.05955016163202132
geo_optimistic,6,6,hydroelectric_pumped_storage,CA_N,615.15,615.15,0.0,0.0,1677.4893812139794,0.3112967920015758,0.14453377957073726
geo_optimistic,7,7,hydroelectric_pumped_storage,CA_N,1175.8,1175.8,0.0,0.0,2970.1200423835544,0.2883609451937857,0.25590783483459467
geo_optimistic,8,8,onshore_wind_turbine,CA_N,1327.6,1327.6,0.0,0.0,2063.6784575021957,0.1774478250915749,0.17780812839819352
geo_optimistic,9,9,small_hydroelectric,CA_N,231.4,231.4,0.0,0.0,1424.646531689186,0.7028128029944719,0.12274864454186044
geo_optimistic,10,10,small_hydroelectric,CA_N,1.95,1.95,0.0,0.0,11.159223214285655,0.6532738095238061,0.0009614872834944513
geo_optimistic,11,11,solar_photovoltaic,CA_N,2787.1,2787.1,0.0,0.0,2566.633967946501,0.10512530773900192,0.22114316329888364
geo_optimistic,12,12,biomass,CA_S,0.0,67.2,0.0,67.2,0.0,0.0,0.0
geo_optimistic,13,13,biomass,CA_S,0.0,38.1,0.0,38.1,0.0,0.0,0.0
geo_optimistic,14,14,conventional_hydroelectric,CA_S,0.0,1396.0,0.0,1396.0,0.0,0.0,0.0
geo_optimistic,15,15,geothermal,CA_S,535.15,535.15,0.0,0.0,4470.31143592019,0.953582219281367,0.38516548296970543
geo_optimistic,16,16,geothermal,CA_S,73.02,73.02,0.0,0.0,624.6244503723492,0.9765017940483393,0.05381812465440225
geo_optimistic,17,17,hydroelectric_pumped_storage,CA_S,1623.0,1623.0,0.0,0.0,2979.529627565087,0.20956805478643806,0.2567185719550261
geo_optimistic,18,18,hydroelectric_pumped_storage,CA_S,42.0,42.0,0.0,0.0,126.24597269601249,0.3431343028267354,0.010877450429005866
geo_optimistic,19,19,onshore_wind_turbine,CA_S,4735.6,4735.6,0.0,0.0,4543.136959024793,0.1095157826944726,0.3914401862384123
geo_optimistic,20,20,small_hydroelectric,CA_S,126.44,126.44,0.0,0.0,826.0346779216734,0.7457782039685232,0.07117178528433665
geo_optimistic,21,21,small_hydroelectric,CA_S,7.0,7.0,0.0,0.0,39.2260110840334,0.6396935923684508,0.003379743384936387
geo_optimistic,22,22,solar_photovoltaic,CA_S,9520.0,9520.0,0.0,0.0,3561.5582575510816,0.042706993418698935,0.30686660785458886
geo_optimistic,23,23,biomass,WECC_N,6.24,6.24,0.0,0.0,20.46723942857144,0.37442994505494526,0.0017634731433291261
geo_optimistic,24,24,biomass,WECC_N,0.0,13.8,0.0,13.8,0.0,0.0,0.0
geo_optimistic,25,25,conventional_hydroelectric,WECC_N,0.0,4648.1,0.0,4648.1,0.0,0.0,0.0
geo_optimistic,26,26,geothermal,WECC_N,165.24,165.24,0.0,0.0,1017.6171597252321,0.703015870457439,0.0876786797569391
geo_optimistic,27,27,geothermal,WECC_N,215.16,215.16,0.0,0.0,1556.4961112862686,0.8258142985905088,0.134108906065655
geo_optimistic,28,28,onshore_wind_turbine,WECC_N,3893.9,3893.9,0.0,0.0,4927.574847559777,0.14445890861141364,0.42456365137769303
geo_optimistic,29,29,solar_photovoltaic,WECC_N,1185.7,1185.7,0.0,0.0,2449.907945509231,0.23586898607851162,0.21108595913052816
geo_optimistic,30,30,biomass,WECC_NMAZ,0.0,3.54,0.0,3.54,0.0,0.0,0.0
geo_optimistic,31,31,biomass,WECC_NMAZ,0.0,11.4,0.0,11.4,0.0,0.0,0.0
geo_optimistic,32,32,conventional_hydroelectric,WECC_NMAZ,0.0,3960.0,0.0,3960.0,0.0,0.0,0.0
geo_optimistic,33,33,geothermal,WECC_NMAZ,0.68,0.68,0.0,0.0,4.431339616483554,0.743912774725281,0.0003818076409332635
geo_optimistic,34,34,geothermal,WECC_NMAZ,2.66,2.66,0.0,0.0,17.143414808163985,0.7357183544548007,0.001477089849105173
geo_optimistic,35,35,hydroelectric_pumped_storage,WECC_NMAZ,119.0,119.0,0.0,0.0,408.6519699201427,0.39201485929179875,0.03520976907695328
geo_optimistic,36,36,hydroelectric_pumped_storage,WECC_NMAZ,97.3,97.3,0.0,0.0,338.0582846913491,0.39662002455728074,0.029127362681891304
geo_optimistic,37,37,nuclear,WECC_NMAZ,4002.99,4002.99,0.0,0.0,39.53021445853536,0.0011273027310069559,0.003405953782431197
geo_optimistic,38,38,onshore_wind_turbine,WECC_NMAZ,0.0,1235.1,0.0,1235.1,0.0,0.0,0.0
geo_optimistic,39,39,solar_photovoltaic,WECC_NMAZ,6266.4,6266.4,0.0,0.0,2085.2034477239995,0.03798623184861553,0.1796627381661129
geo_optimistic,40,40,biomass,WECC_WYCO,0.0,4.8,0.0,4.8,0.0,0.0,0.0
geo_optimistic,41,41,biomass,WECC_WYCO,0.0,8.04,0.0,8.04,0.0,0.0,0.0
geo_optimistic,42,42,conventional_hydroelectric,WECC_WYCO,0.0,961.87,0.0,961.87,0.0,0.0,0.0
geo_optimistic,43,43,hydroelectric_pumped_storage,WECC_WYCO,324.0,324.0,0.0,0.0,1019.1230900615724,0.3590686799078205,0.08780843187681481
geo_optimistic,44,44,hydroelectric_pumped_storage,WECC_WYCO,238.5,238.5,0.0,0.0,771.7668396263996,0.3693972218040835,0.06649602645939956
geo_optimistic,45,45,onshore_wind_turbine,WECC_WYCO,5751.7,5751.7,0.0,0.0,26594.35654269481,0.5278240259539468,2.2913902820569545
geo_optimistic,46,46,solar_photovoltaic,WECC_WYCO,593.1,593.1,0.0,0.0,3866.052782808629,0.7441076148170916,0.33310209112317524
geo_optimistic,47,47,naturalgas_ccccsavgcf,CA_N,0.0,0.0,0.0,0.0,0.0,0.0,0.0
geo_optimistic,48,48,new_onshore_wind,CA_N,0.0,0.0,0.0,0.0,0.0,0.0,0.0
geo_optimistic,49,49,new_floating_offshore_wind,CA_N,0.0,0.0,0.0,0.0,0.0,0.0,0.0
geo_optimistic,50,50,new_floating_offshore_wind,CA_N,0.0,0.0,0.0,0.0,0.0,0.0,0.0
geo_optimistic,51,51,new_floating_offshore_wind,CA_N,0.0,0.0,0.0,0.0,0.0,0.0,0.0
geo_optimistic,52,52,new_floating_offshore_wind,CA_N,0.0,0.0,0.0,0.0,0.0,0.0,0.0
geo_optimistic,53,53,new_floating_offshore_wind,CA_N,0.0,0.0,0.0,0.0,0.0,0.0,0.0
geo_optimistic,54,54,new_utility_pv,CA_N,0.0,0.0,0.0,0.0,0.0,0.0,0.0
geo_optimistic,55,55,new_utility_pv,CA_N,0.0,0.0,0.0,0.0,0.0,0.0,0.0
geo_optimistic,56,56,new_utility_pv,CA_N,0.0,0.0,0.0,0.0,0.0,0.0,0.0
geo_optimistic,57,57,new_utility_pv,CA_N,21984.821159999996,0.0,21984.821159999996,0.0,171371.55634427947,0.8898395356789859,14.765505538659953
geo_optimistic,58,58,battery,CA_N,23276.21139,0.0,23276.21139,0.0,26774.496632769657,0.13131215110959138,2.306911291228344
geo_optimistic,59,59,nuclear,CA_N,0.0,0.0,0.0,0.0,0.0,0.0,0.0
geo_optimistic,60,60,naturalgas_ccs100,CA_N,0.0,0.0,0.0,0.0,0.0,0.0,0.0
geo_optimistic,61,61,naturalgas_ccccsavgcf,CA_S,0.0,0.0,0.0,0.0,0.0,0.0,0.0
geo_optimistic,62,62,new_onshore_wind,CA_S,0.0,0.0,0.0,0.0,0.0,0.0,0.0
geo_optimistic,63,63,new_onshore_wind,CA_S,0.0,0.0,0.0,0.0,0.0,0.0,0.0
geo_optimistic,64,64,new_onshore_wind,CA_S,0.0,0.0,0.0,0.0,0.0,0.0,0.0
geo_optimistic,65,65,new_utility_pv,CA_S,0.0,0.0,0.0,0.0,0.0,0.0,0.0
geo_optimistic,66,66,new_utility_pv,CA_S,0.0,0.0,0.0,0.0,0.0,0.0,0.0
geo_optimistic,67,67,new_utility_pv,CA_S,0.0,0.0,0.0,0.0,0.0,0.0,0.0
geo_optimistic,68,68,new_utility_pv,CA_S,0.0,0.0,0.0,0.0,0.0,0.0,0.0
geo_optimistic,69,69,new_utility_pv,CA_S,20451.59,0.0,20451.59,0.0,104812.1104385224,0.5850328893638911,9.030692316813411
geo_optimistic,70,70,new_utility_pv,CA_S,20446.9572878689,0.0,20446.9572878689,0.0,117677.39657563786,0.6569922639661429,10.139175298273855
geo_optimistic,71,71,new_utility_pv,CA_S,0.0,0.0,0.0,0.0,0.0,0.0,0.0
geo_optimistic,72,72,new_utility_pv,CA_S,0.0,0.0,0.0,0.0,0.0,0.0,0.0
geo_optimistic,73,73,new_utility_pv,CA_S,0.0,0.0,0.0,0.0,0.0,0.0,0.0
geo_optimistic,74,74,new_utility_pv,CA_S,0.0,0.0,0.0,0.0,0.0,0.0,0.0
geo_optimistic,75,75,battery,CA_S,0.0,0.0,0.0,0.0,0.0,0.0,0.0
geo_optimistic,76,76,nuclear,CA_S,0.0,0.0,0.0,0.0,0.0,0.0,0.0
geo_optimistic,77,77,naturalgas_ccs100,CA_S,0.0,0.0,0.0,0.0,0.0,0.0,0.0
geo_optimistic,78,78,naturalgas_ccccsavgcf,WECC_N,0.0,0.0,0.0,0.0,0.0,0.0,0.0
geo_optimistic,79,79,new_onshore_wind,WECC_N,0.0,0.0,0.0,0.0,0.0,0.0,0.0
geo_optimistic,80,80,new_onshore_wind,WECC_N,0.0,0.0,0.0,0.0,0.0,0.0,0.0
geo_optimistic,81,81,new_onshore_wind,WECC_N,0.0,0.0,0.0,0.0,0.0,0.0,0.0
geo_optimistic,82,82,new_onshore_wind,WECC_N,0.0,0.0,0.0,0.0,0.0,0.0,0.0
geo_optimistic,83,83,new_onshore_wind,WECC_N,0.0,0.0,0.0,0.0,0.0,0.0,0.0
geo_optimistic,84,84,new_onshore_wind,WECC_N,0.0,0.0,0.0,0.0,0.0,0.0,0.0
geo_optimistic,85,85,new_utility_pv,WECC_N,0.0,0.0,0.0,0.0,0.0,0.0,0.0
geo_optimistic,86,86,new_utility_pv,WECC_N,26496.667781377302,0.0,26496.667781377302,0.0,144877.19955833614,0.6241725652721684,12.482731312812538
geo_optimistic,87,87,new_utility_pv,WECC_N,0.0,0.0,0.0,0.0,0.0,0.0,0.0
geo_optimistic,88,88,new_utility_pv,WECC_N,0.0,0.0,0.0,0.0,0.0,0.0,0.0
geo_optimistic,89,89,new_utility_pv,WECC_N,0.0,0.0,0.0,0.0,0.0,0.0,0.0
geo_optimistic,90,90,new_utility_pv,WECC_N,0.0,0.0,0.0,0.0,0.0,0.0,0.0
geo_optimistic,91,91,new_utility_pv,WECC_N,0.0,0.0,0.0,0.0,0.0,0.0,0.0
geo_optimistic,92,92,new_utility_pv,WECC_N,0.0,0.0,0.0,0.0,0.0,0.0,0.0
geo_optimistic,93,93,battery,WECC_N,0.0,0.0,0.0,0.0,0.0,0.0,0.0
geo_optimistic,94,94,nuclear,WECC_N,0.0,0.0,0.0,0.0,0.0,0.0,0.0
geo_optimistic,95,95,naturalgas_ccs100,WECC_N,0.0,0.0,0.0,0.0,0.0,0.0,0.0
geo_optimistic,96,96,naturalgas_ccccsavgcf,WECC_NMAZ,0.0,0.0,0.0,0.0,0.0,0.0,0.0
geo_optimistic,97,97,new_onshore_wind,WECC_NMAZ,0.0,0.0,0.0,0.0,0.0,0.0,0.0
geo_optimistic,98,98,new_onshore_wind,WECC_NMAZ,0.0,0.0,0.0,0.0,0.0,0.0,0.0
geo_optimistic,99,99,new_onshore_wind,WECC_NMAZ,0.0,0.0,0.0,0.0,0.0,0.0,0.0
geo_optimistic,100,100,new_onshore_wind,WECC_NMAZ,0.0,0.0,0.0,0.0,0.0,0.0,0.0
geo_optimistic,101,101,new_onshore_wind,WECC_NMAZ,0.0,0.0,0.0,0.0,0.0,0.0,0.0
geo_optimistic,102,102,new_onshore_wind,WECC_NMAZ,0.0,0.0,0.0,0.0,0.0,0.0,0.0
geo_optimistic,103,103,new_onshore_wind,WECC_NMAZ,0.0,0.0,0.0,0.0,0.0,0.0,0.0
geo_optimistic,104,104,new_utility_pv,WECC_NMAZ,41232.620882063195,0.0,41232.620882063195,0.0,212991.5200819378,0.5896811782961785,18.35151373159853
geo_optimistic,105,105,new_utility_pv,WECC_NMAZ,0.0,0.0,0.0,0.0,0.0,0.0,0.0
geo_optimistic,106,106,new_utility_pv,WECC_NMAZ,0.0,0.0,0.0,0.0,0.0,0.0,0.0
geo_optimistic,107,107,new_utility_pv,WECC_NMAZ,0.0,0.0,0.0,0.0,0.0,0.0,0.0
geo_optimistic,108,108,new_utility_pv,WECC_NMAZ,0.0,0.0,0.0,0.0,0.0,0.0,0.0
geo_optimistic,109,109,new_utility_pv,WECC_NMAZ,0.0,0.0,0.0,0.0,0.0,0.0,0.0
geo_optimistic,110,110,new_utility_pv,WECC_NMAZ,0.0,0.0,0.0,0.0,0.0,0.0,0.0
geo_optimistic,111,111,new_utility_pv,WECC_NMAZ,0.0,0.0,0.0,0.0,0.0,0.0,0.0
geo_optimistic,112,112,new_utility_pv,WECC_NMAZ,0.0,0.0,0.0,0.0,0.0,0.0,0.0
geo_optimistic,113,113,new_utility_pv,WECC_NMAZ,0.0,0.0,0.0,0.0,0.0,0.0,0.0
geo_optimistic,114,114,new_utility_pv,WECC_NMAZ,0.0,0.0,0.0,0.0,0.0,0.0,0.0
geo_optimistic,115,115,new_utility_pv,WECC_NMAZ,0.0,0.0,0.0,0.0,0.0,0.0,0.0
geo_optimistic,116,116,battery,WECC_NMAZ,0.0,0.0,0.0,0.0,0.0,0.0,0.0
geo_optimistic,117,117,nuclear,WECC_NMAZ,0.0,0.0,0.0,0.0,0.0,0.0,0.0
geo_optimistic,118,118,naturalgas_ccs100,WECC_NMAZ,0.0,0.0,0.0,0.0,0.0,0.0,0.0
geo_optimistic,119,119,naturalgas_ccccsavgcf,WECC_PNW,0.0,0.0,0.0,0.0,0.0,0.0,0.0
geo_optimistic,120,120,new_onshore_wind,WECC_PNW,0.0,0.0,0.0,0.0,0.0,0.0,0.0
geo_optimistic,121,121,new_floating_offshore_wind,WECC_PNW,0.0,0.0,0.0,0.0,0.0,0.0,0.0
geo_optimistic,122,122,new_floating_offshore_wind,WECC_PNW,0.0,0.0,0.0,0.0,0.0,0.0,0.0
geo_optimistic,123,123,new_floating_offshore_wind,WECC_PNW,0.0,0.0,0.0,0.0,0.0,0.0,0.0
geo_optimistic,124,124,new_utility_pv,WECC_PNW,0.0,0.0,0.0,0.0,0.0,0.0,0.0
geo_optimistic,125,125,battery,WECC_PNW,0.0,0.0,0.0,0.0,0.0,0.0,0.0
geo_optimistic,126,126,nuclear,WECC_PNW,0.0,0.0,0.0,0.0,0.0,0.0,0.0
geo_optimistic,127,127,naturalgas_ccs100,WECC_PNW,0.0,0.0,0.0,0.0,0.0,0.0,0.0
geo_optimistic,128,128,naturalgas_ccccsavgcf,WECC_WYCO,0.0,0.0,0.0,0.0,0.0,0.0,0.0
geo_optimistic,129,129,new_onshore_wind,WECC_WYCO,0.0,0.0,0.0,0.0,0.0,0.0,0.0
geo_optimistic,130,130,new_onshore_wind,WECC_WYCO,0.0,0.0,0.0,0.0,0.0,0.0,0.0
geo_optimistic,131,131,new_onshore_wind,WECC_WYCO,0.0,0.0,0.0,0.0,0.0,0.0,0.0
geo_optimistic,132,132,new_onshore_wind,WECC_WYCO,0.0,0.0,0.0,0.0,0.0,0.0,0.0
geo_optimistic,133,133,new_onshore_wind,WECC_WYCO,0.0,0.0,0.0,0.0,0.0,0.0,0.0
geo_optimistic,134,134,new_onshore_wind,WECC_WYCO,0.0,0.0,0.0,0.0,0.0,0.0,0.0
geo_optimistic,135,135,new_onshore_wind,WECC_WYCO,0.0,0.0,0.0,0.0,0.0,0.0,0.0
geo_optimistic,136,136,new_utility_pv,WECC_WYCO,0.0,0.0,0.0,0.0,0.0,0.0,0.0
geo_optimistic,137,137,new_utility_pv,WECC_WYCO,14675.7,0.0,14675.7,0.0,104561.96819813302,0.8133375402544957,9.009139868351648
geo_optimistic,138,138,new_utility_pv,WECC_WYCO,0.0,0.0,0.0,0.0,0.0,0.0,0.0
geo_optimistic,139,139,new_utility_pv,WECC_WYCO,0.0,0.0,0.0,0.0,0.0,0.0,0.0
geo_optimistic,140,140,new_utility_pv,WECC_WYCO,0.0,0.0,0.0,0.0,0.0,0.0,0.0
geo_optimistic,141,141,battery,WECC_WYCO,0.0,0.0,0.0,0.0,0.0,0.0,0.0
geo_optimistic,142,142,nuclear,WECC_WYCO,0.0,0.0,0.0,0.0,0.0,0.0,0.0
geo_optimistic,143,143,naturalgas_ccs100,WECC_WYCO,0.0,0.0,0.0,0.0,0.0,0.0,0.0
geo_optimistic,144,156,new_biogas_CCGT,CA_N,0.0,0.0,0.0,0.0,0.0,0.0,0.0
geo_optimistic,145,157,new_biogas_CCGT,CA_S,0.0,0.0,0.0,0.0,0.0,0.0,0.0
geo_optimistic,146,158,new_biogas_CCGT,WECC_N,0.0,0.0,0.0,0.0,0.0,0.0,0.0
geo_optimistic,147,159,new_biogas_CCGT,WECC_NMAZ,0.0,0.0,0.0,0.0,0.0,0.0,0.0
geo_optimistic,148,160,new_biogas_CCGT,WECC_PNW,0.0,0.0,0.0,0.0,0.0,0.0,0.0
geo_optimistic,149,161,new_biogas_CCGT,WECC_WYCO,0.0,0.0,0.0,0.0,0.0,0.0,0.0
geo_optimistic,150,162,biomass,WECC_PNW,0.0,28.4,0.0,28.4,0.0,0.0,0.0
geo_optimistic,151,163,biomass,WECC_PNW,0.0,74.43,0.0,74.43,0.0,0.0,0.0
geo_optimistic,152,164,conventional_hydroelectric,WECC_PNW,29850.0,29850.0,0.0,0.0,224429.4990347996,0.8582849522911346,19.33701882463898
geo_optimistic,153,165,geothermal,WECC_PNW,14.49,14.49,0.0,0.0,61.654604680542334,0.48572787310838156,0.005312208316913184
geo_optimistic,154,166,geothermal,WECC_PNW,1.17,1.17,0.0,0.0,7.69849135714302,0.7511309523809683,0.000663307956104791
geo_optimistic,155,167,hydroelectric_pumped_storage,WECC_PNW,214.0,214.0,0.0,0.0,771.3033678650903,0.4114407928269376,0.06645609337479318
geo_optimistic,156,168,hydroelectric_pumped_storage,WECC_PNW,100.0,100.0,0.0,0.0,353.4618160931875,0.40349522385067066,0.030454542834073887
geo_optimistic,157,169,nuclear,WECC_PNW,1163.0,1163.0,0.0,0.0,40.45383241758241,0.003970780222929835,0.003485533418520382
geo_optimistic,158,170,onshore_wind_turbine,WECC_PNW,5254.0,5254.0,0.0,0.0,19274.119497461816,0.41877463870670867,1.6606730093576942
geo_optimistic,159,171,solar_photovoltaic,WECC_PNW,209.9,209.9,0.0,0.0,1076.2938536876247,0.5853482380648889,0.09273430898838177
